60,60 Downtown LA - Artesia Station Via Lo
51,51 Westlake/McArthur Pk Sta-Dtwn LA-Csu
62,62 Downtown LA - Hawaiian Gardens Via T
266,266 S Madre Villa Sta-Lakewood Ctr Mall
217,217 E Hollywood - La Cienega Sta Via Hol
233,233 Lake View Terr - Sherman Oaks Via Va
4,4 Downtown LA - Santa Monica Via Santa
720,720 Santa Monica-Downtown LA Via Wilshir
2,2 Westwood - Exposition Park Via Sunse
33,33 Downtown LA - Santa Monica Via Venic
761,761 Sylmar Sta- West LA Via Van Nuys Bl
207,207 Hollywood - Crenshaw Sta Via Western
106,106 Montebello - Monterey Park Via 1st-G
110,110 Playa Vista- Bell Gardens Via Jeffer
603,603 Glendale-Grand Sta Via San Fernando-
30,30 Pico Rimpau - Dtwn LA - Indiana Sta
66,66 Wilshire Ctr-Dtwn LA-Montebello Via
81,81 Eagle Rock- Dwntwn LA- Harbor Fwy St
256,256 Cal State LA - Sierra Madre Villa St
40,40 Downtown LA-Sbay Galleria Via King B
162,162 Woodland Hills - N Hollywood Sta Via
105,105 W Hollywood - Vernon Via La Cienega
16,16 Downtown LA - West Hollywood Via Wes
265,265 Pico Rivera - Lakewood Ctr Mall Via
55,55 Downtown LA - Willowbrook Sta Via Co
20,20 Downtown LA - Santa Monica Via Wilsh
754,754 Hollywood - Athens Via Vermont Av
258,258 Highland Park - Paramount Via Fremon
169,169 Warner Ctr-Burbank Airpt Via Valley
128,128 Compton Sta - Cerritos Towne Center
18,18 Wilshire Western Sta-Montebello Via
92,92 Dwntwn LA- Sylmar Sta Via Glendale -
180,180 Hollywood-Glendale-Pasadena Via Los
218,218 Studio Cty-Cedars Sinai Med Via Laur
210,210 Hllywd Vine Sta - So Bay Galeria Via
76,76 Downtown LA - El Monte Via Valley Bl
260,260 Artesia Station-Pasadena Via Atlanti
45,45 Lincoln Heights-Dtwn LA-Harbr Fwy St
115,115 Playa Del Rey - Norwalk Via Manchest
232,232 LAX City Bus Ctr-Long Beach-Via Sepu
209,209 Expo/Crenshaw Sta- Gardena Via Arln
90,90 Dtla - Noho Sta Via Vineland-Foothil
182,182 Rose Hill Tc - E Hollywood Via Figue
108,108 Marina Del Rey - Pico Rivera Via Sla
267,267 El Monte Sta- Pasadena Via Temple Ci
48,48 W Hollywood-Dtwn LA -Avalon Sta Via
10,10 W Hollywood-Dtwn LA -Avalon Sta Via
38,38 Downtown LA- WLA Via Washington Bl &
158,158 Chatsworth Sta-Sherman Oaks Via Devo
617,617 Beverly Hills-Culver City Via Burton
28,28 Century City-Dtw LA-Via Olympic
102,102 LAX Cty Bus Ctr - S Gate Via LA Tije
150,150 Chatsworth Sta - Encino Via Topanga
854,854 All Bus Bridges Gold Line
154,154 Van Nuys - Burbank Sta Via Oxnard St
96,96 Dtwn LA- Burbank Sta Via Griffith Pk
204,204 Hollywood -Athens Via Vermont Av
117,117 LAX Cty Bus Ctr-Downey Via Century B
212,212 Hllywd/Vine Sta - Hawthorne/Lennox S
268,268 Sierra Madre Villa Sta - El Monte St
222,222 Burbank Ritc- Hollywood Via Riversid
152,152 Canoga Park - N Hollywood Sta Via Ro
164,164 West Hills - Burbank Via Victory Bl
127,127 Harbor Fwy Sta - Downey Via Compton
901,901 Metro Orange Line
665,665 East LA-City Terrace-Cal State LA Tr
205,205 Willowbrook Sta-San Pedro Via Wilmgt
70,70 Downtown LA - El Monte Via Cesar Cha
14,14 Cedar Sinai-Dtwn LA-Wash/Fairfax Via
78,78 Downtown LA - South Arcadia Via Main
53,53 Downtown LA - Csu Domiguez Hills Via
690,690 Sylmar Sta -Olive View Hosp.-Sunland
236,236 Sylmar Sta-Encino Via Balboa Bl Rina
206,206 Hollywood - Athens Via Normandie Av
125,125 El Segundo - Norwalk Station Via Ros
94,94 Dtwn LA - Noho Sta Via San Fernando
287,287 Montebello- El Monte- Arcadia Via Ru
240,240 Northridge-Universal City Via Ventur
166,166 Chatsworth Sta -Sun Valley Via Nordh
910,910 Metro Silver Line
251,251 Eagle Rock-Long Bch Gl Sta Via Eagle
111,111 LAX City Bus Ctr - Norwalk Sta Via F
501,501 Pasadena - N. Hollywood Sta Via 134
605,605 Lac+usc Med Ctr Out Patient Shuttle
37,37 Cedar Sinai-Dtwn LA-Wash/Fairfax Via
344,344 Harbor Gateway Tc - Palos Verdes Via
120,120 Aviation/LAX Sta- Whittwood Ctr Via
167,167 Chatsworth Sta-Studio Cty-Csun Via P
237,237 Encino-N. Holywd Via Woodley-White O
611,611 Huntington Park Shuttle
35,35 Downtown LA- WLA Via Washington Bl &
234,234 Sylmar - Sherman Oaks Via Sepulveda
460,460 Downtown LA - Disneyland Via Harbor
165,165 West Hills - Burbank Via Vanowen St
601,601 Warner Center Circulator
243,243 Northridge - Tarzana Via Tampa - Win
244,244 Chatsworth Sta-Woodland Hills Via De
242,242 Northridge - Tarzana Via Tampa - Win
155,155 N. Hollywood Sta- Burbank Sta Via Ri
577,577 El Monte Sta- Long Beach Va Med Ctr
662,662 Altadena-Pasadena Via Lake - Los Rob
235,235 Sylmar Sta-Encino Via Balboa Bl Rina
